{"pol": [0.0, 0.0, 0.0, 1.0, -0.45, 0.0, 0.7000000000000001, 0.0, -0.18333333333333335, 0.0, 1.0, 0.0, 0.1, -0.1, 0.0, 0.0, -0.30714285714285716, 0.05, 0.45, 0.6, -0.2, 0.275, 0.15, 0.5, 0.0, 0.5, 0.2, 0.55, 0.8, 0.2, 0.6499999999999999, 0.1, 0.13636363636363635, 0.0, 0.8, 0.3333333333333333, 0.0, -0.19375, 0.3666666666666667, 0.40833333333333327, 0.0, 0.0, 0.0, 0.0, -0.05, 0.5, 0.0, 0.675, 0.0, 0.0, -0.5, 0.4166666666666667, -0.2, -0.3125, -0.5, -0.2, 0.26190476190476186, 0.0, 0.15000000000000002, 0.55, 0.1, 0.8, 0.0, 0.6, 0.5, 0.2, 0.0, 0.13636363636363635, -0.07142857142857142, 0.0, 0.5428571428571429, 0.0, 0.4166666666666667, 0.6666666666666666, 0.13636363636363635, 0.8, 1.0, 0.39999999999999997, 0.0, -0.1875, 0.05, 0.0, 0.2857142857142857, 0.10551948051948051, 0.1, 0.3333333333333333, 0.0, -0.10714285714285715, 0.0, 0.45, 0.3756060606060606, 0.1, 0.1, 0.44999999999999996, 0.20000000000000004, 0.0, -0.5, 0.0, -0.23272727272727273, 0.5777777777777778], "tags": {"PRP$": 47, "VBG": 46, "VBD": 237, "VBN": 53, "VBP": 66, "WDT": 11, "JJ": 179, "WP": 24, "VBZ": 51, "DT": 283, "RP": 12, "NN": 346, "FW": 3, "POS": 6, "TO": 65, "PRP": 252, "RB": 141, "NNS": 104, "NNP": 227, "VB": 115, "WRB": 14, "CC": 62, "PDT": 4, "RBR": 2, "CD": 46, "EX": 5, "IN": 252, "WP$": 3, "MD": 31, "NNPS": 1, "JJS": 2, "JJR": 10, "UH": 2}, "name": "2 B R 0 2 B_Kurt Vonnegut", "words": ["Produced", "Robert", "Cicconetti", "Geetu", "Melwani", "Online", "Distributed", "Proofreading", "Team", "http", "Kurt", "Vonnegut", "Jr", "Transcriber", "note", "etext", "produced", "Worlds", "January", "Extensive", "research", "uncover", "evidence", "copyright", "publication", "renewed", "Got", "problem", "pick", "phone", "solved", "way", "B", "R", "B", "KURT", "VONNEGUT", "JR", "perfectly", "swell", "prison", "slum", "insane", "asylum", "cripple", "poverty", "war", "disease", "conquered", "old", "age", "Death", "barring", "accident", "adventure", "volunteer", "population", "United", "States", "stabilized", "soul", "bright", "morning", "Chicago", "Hospital", "man", "named", "Edward", "K", "Wehling", "Jr", "waited", "wife", "birth", "man", "waiting", "people", "born", "day", "Wehling", "mere", "stripling", "population", "average", "age", "revealed", "wife", "triplet", "child", "Young", "Wehling", "hunched", "chair", "head", "hand", "rumpled", "colorless", "virtually", "invisible", "camouflage", "perfect", "waiting", "room", "disorderly", "demoralized", "air", "Chairs", "ashtray", "moved", "away", "wall", "floor", "paved", "spattered", "dropcloths", "room", "redecorated", "redecorated", "memorial", "man", "volunteered", "die", "sardonic", "old", "man", "year", "old", "sat", "stepladder", "painting", "mural", "like", "day", "people", "aged", "visibly", "age", "guessed", "Aging", "touched", "cure", "aging", "mural", "working", "depicted", "neat", "garden", "Men", "woman", "white", "doctor", "nurse", "turned", "soil", "planted", "seedling", "sprayed", "bug", "spread", "fertilizer", "Men", "woman", "purple", "uniform", "pulled", "weed", "cut", "plant", "old", "sickly", "raked", "leaf", "carried", "refuse", "medieval", "Holland", "old", "Japan", "garden", "formal", "better", "tended", "plant", "loam", "light", "water", "air", "nourishment", "use", "hospital", "orderly", "came", "corridor", "singing", "breath", "popular", "song", "like", "kiss", "honey", "girl", "purple", "Kiss", "sad", "world", "want", "lovin", "space", "old", "planet", "sweet", "baby", "place", "orderly", "looked", "mural", "muralist", "Looks", "real", "practically", "imagine", "standing", "middle", "make", "think", "painter", "gave", "satiric", "smile", "called", "Happy", "Garden", "Life", "know", "good", "Dr", "Hitz", "orderly", "referring", "male", "figure", "white", "head", "portrait", "Dr", "Benjamin", "Hitz", "hospital", "Chief", "Obstetrician", "Hitz", "blindingly", "handsome", "man", "Lot", "face", "orderly", "meant", "face", "figure", "mural", "blank", "blank", "filled", "portrait", "important", "people", "hospital", "staff", "Chicago", "Office", "Federal", "Bureau", "Termination", "nice", "able", "make", "picture", "look", "like", "orderly", "painter", "face", "curdled", "scorn", "think", "proud", "daub", "think", "idea", "life", "really", "look", "like", "idea", "life", "look", "like", "orderly", "painter", "gestured", "foul", "dropcloth", "good", "picture", "Frame", "picture", "damn", "sight", "honest", "gloomy", "old", "duck", "orderly", "crime", "painter", "orderly", "shrugged", "like", "Grandpa", "finished", "thought", "trick", "telephone", "number", "people", "want", "live", "supposed", "zero", "telephone", "number", "pronounced", "naught", "number", "B", "R", "B", "telephone", "number", "institution", "fanciful", "sobriquet", "included", "Automat", "Birdland", "Cannery", "Catbox", "Mother", "Happy", "Hooligan", "Lucky", "Pierre", "Sheepdip", "Waring", "Blendor", "Worry", "telephone", "number", "municipal", "gas", "chamber", "Federal", "Bureau", "Termination", "painter", "thumbed", "nose", "orderly", "decide", "time", "wo", "Sheepdip", "eh", "orderly", "Messy", "business", "Grandpa", "little", "consideration", "people", "clean", "painter", "expressed", "obscenity", "lack", "concern", "tribulation", "survivor", "world", "good", "deal", "mess", "ask", "orderly", "laughed", "moved", "Wehling", "waiting", "father", "mumbled", "raising", "head", "fell", "silent", "coarse", "formidable", "woman", "strode", "waiting", "room", "spike", "heel", "shoe", "stocking", "trench", "coat", "bag", "overseas", "cap", "purple", "purple", "painter", "called", "color", "grape", "Judgment", "Day", "medallion", "purple", "musette", "bag", "seal", "Service", "Division", "Federal", "Bureau", "Termination", "eagle", "perched", "turnstile", "woman", "lot", "facial", "hair", "unmistakable", "mustache", "fact", "curious", "thing", "hostess", "matter", "lovely", "feminine", "recruited", "sprouted", "mustache", "year", "supposed", "come", "painter", "lot", "depend", "business", "baby", "told", "supposed", "pose", "picture", "Leora", "Duncan", "waited", "dunk", "people", "Skip", "sure", "beautiful", "picture", "Looks", "like", "heaven", "painter", "took", "list", "name", "smock", "pocket", "Duncan", "Duncan", "Duncan", "scanning", "list", "Yes", "entitled", "immortalized", "faceless", "body", "like", "stick", "head", "got", "choice", "one", "left", "studied", "mural", "bleakly", "Gee", "know", "art", "body", "body", "eh", "righty", "master", "fine", "art", "recommend", "body", "indicated", "faceless", "figure", "woman", "carrying", "dried", "stalk", "Leora", "Duncan", "disposal", "people", "mean", "service", "disposing", "painter", "clapped", "hand", "mock", "delight", "say", "know", "art", "prove", "breath", "know", "course", "wrong", "hostess", "snipper", "pruner", "line", "pointed", "figure", "purple", "sawing", "dead", "branch", "apple", "tree", "like", "Gosh", "blushed", "humble", "put", "right", "Dr", "Hitz", "upset", "Good", "gravy", "honor", "Ah", "admire", "eh", "doe", "admire", "worshiping", "portrait", "Hitz", "portrait", "tanned", "omnipotent", "Zeus", "year", "old", "doe", "admire", "responsible", "setting", "gas", "chamber", "Chicago", "painter", "time", "Sawing", "limb", "strike", "appropriate", "kind", "like", "demure", "make", "people", "comfortable", "killed", "Leora", "Duncan", "posing", "portrait", "waitingroom", "bounded", "Dr", "Hitz", "seven", "foot", "tall", "boomed", "importance", "accomplishment", "joy", "living", "Miss", "Duncan", "Miss", "Duncan", "joke", "doing", "people", "leave", "come", "picture", "shyly", "Good", "Dr", "Hitz", "heartily", "say", "picture", "sure", "honored", "tell", "honored", "woman", "like", "wonderful", "world", "got", "possible", "saluted", "moved", "door", "led", "delivery", "room", "Guess", "born", "ca", "Triplets", "Triplets", "exclaiming", "legal", "implication", "triplet", "law", "newborn", "child", "survive", "unless", "parent", "child", "volunteer", "die", "Triplets", "live", "called", 