{"pol": [-0.15000000000000002, 0.8, 0.0, 0.26666666666666666, 0.0, 0.05, 0.2888888888888889, 0.26666666666666666, 0.35714285714285715, 0.12916666666666668, 0.175, 0.06919642857142858, 0.1, 0.8, 0.06666666666666665, -0.1, -0.20833333333333331, 0.25, -0.4, -0.3333333333333333, -0.3125, 0.05, 0.0, 0.1, -0.16666666666666666, -0.15000000000000002, 0.33999999999999997, -0.1, 0.0, -0.08333333333333333, 0.05, 0.7, 0.08750000000000001, 0.2333333333333333, 0.0, 0.40625, 0.0, -0.25, 0.0, 0.85, 0.4888888888888889, 0.4, -0.09166666666666665, 0.1, 0.2733333333333333, 0.1, 0.45, 0.15000000000000002, 0.34, -0.19444444444444445, 0.19999999999999998, -0.1875, 0.5, 0.1, 0.9, 0.45, -0.09821428571428571, -0.11666666666666665, -0.8, -0.1, -0.3, -0.10416666666666666, 0.4, -0.30624999999999997, 0.35, -0.1, 0.0, 0.13636363636363635, 0.2333333333333333, 0.0, 0.6714285714285714, 0.5583333333333333, 0.3333333333333333, 0.04999999999999999, 0.425, -0.13333333333333333, 0.15000000000000002, 0.7, 0.45, 0.1, 0.08333333333333333, 0.0, 0.2, 0.0, 0.0, -0.0625, 0.5, -0.09375, 0.0, 0.475, 0.7, 0.0, 0.16727272727272727, 0.103125, -0.11666666666666668, 0.5266666666666666, 0.375, -0.05, -0.3, 0.0], "tags": {"PRP$": 93, "VBG": 75, "VBD": 34, "VBN": 96, "VBP": 101, "WDT": 25, "JJ": 265, "WP": 28, "VBZ": 27, "DT": 357, "RP": 7, "NN": 498, "POS": 7, "TO": 107, "PRP": 154, "RB": 199, "NNS": 229, "NNP": 50, "VB": 179, "WRB": 14, "CC": 168, "PDT": 6, "RBS": 5, "RBR": 4, "CD": 58, "EX": 8, "IN": 514, "WP$": 4, "MD": 100, "NNPS": 1, "JJS": 20, "JJR": 11}, "name": "A Modest Proposal_Jonathan Swift", "words": ["Produced", "Anonymous", "Volunteer", "MODEST", "PROPOSAL", "preventing", "child", "poor", "people", "Ireland", "burden", "parent", "country", "making", "beneficial", "publick", "Dr", "Jonathan", "Swift", "melancholy", "object", "walk", "great", "town", "travel", "country", "street", "road", "crowded", "beggar", "female", "sex", "followed", "child", "rag", "importuning", "passenger", "alms", "mother", "instead", "able", "work", "honest", "livelihood", "forced", "employ", "time", "stroling", "beg", "sustenance", "helpless", "infant", "grow", "turn", "thief", "want", "work", "leave", "dear", "native", "country", "fight", "Pretender", "Spain", "sell", "Barbadoes", "think", "agreed", "party", "prodigious", "number", "child", "arm", "back", "heel", "mother", "frequently", "father", "present", "deplorable", "state", "kingdom", "great", "additional", "grievance", "fair", "cheap", "easy", "method", "making", "child", "sound", "useful", "member", "deserve", "publick", "statue", "set", "preserver", "nation", "intention", "far", "confined", "provide", "child", "professed", "beggar", "greater", "extent", "shall", "number", "infant", "certain", "age", "born", "parent", "effect", "little", "able", "support", "demand", "charity", "street", "having", "turned", "thought", "year", "important", "subject", "maturely", "weighed", "scheme", "projector", "grossly", "mistaken", "computation", "true", "child", "dropt", "dam", "supported", "milk", "solar", "year", "little", "nourishment", "value", "shilling", "mother", "certainly", "value", "scrap", "lawful", "occupation", "begging", "exactly", "year", "old", "propose", "provide", "manner", "instead", "charge", "parent", "parish", "wanting", "food", "raiment", "rest", "life", "shall", "contrary", "contribute", "feeding", "partly", "cloathing", "thousand", "likewise", "great", "advantage", "scheme", "prevent", "voluntary", "abortion", "horrid", "practice", "woman", "murdering", "bastard", "child", "ala", "frequent", "sacrificing", "poor", "innocent", "babe", "doubt", "avoid", "expence", "shame", "tear", "pity", "savage", "inhuman", "breast", "number", "soul", "kingdom", "usually", "reckoned", "million", "half", "calculate", "thousand", "couple", "wife", "breeder", "number", "subtract", "thirty", "thousand", "couple", "able", "maintain", "child", "apprehend", "present", "distress", "kingdom", "granted", "remain", "seventy", "thousand", "breeder", "subtract", "thousand", "woman", "miscarry", "child", "die", "accident", "disease", "year", "remain", "thousand", "child", "poor", "parent", "annually", "born", "question", "number", "shall", "reared", "provided", "present", "situation", "affair", "utterly", "impossible", "method", "hitherto", "proposed", "employ", "handicraft", "agriculture", "build", "house", "mean", "country", "cultivate", "land", "seldom", "pick", "livelihood", "stealing", "till", "arrive", "year", "old", "towardly", "part", "confess", "learn", "rudiment", "earlier", "time", "properly", "looked", "probationer", "informed", "principal", "gentleman", "county", "Cavan", "protested", "knew", "instance", "age", "kingdom", "renowned", "quickest", "proficiency", "art", "assured", "merchant", "boy", "girl", "year", "old", "saleable", "commodity", "come", "age", "yield", "pound", "pound", "half", "crown", "exchange", "turn", "account", "parent", "kingdom", "charge", "nutriment", "rag", "having", "time", "value", "shall", "humbly", "propose", "thought", "hope", "liable", "objection", "assured", "knowing", "American", "acquaintance", "London", "young", "healthy", "child", "nursed", "year", "old", "delicious", "nourishing", "wholesome", "food", "stewed", "roasted", "baked", "boiled", "make", "doubt", "equally", "serve", "fricasie", "ragoust", "humbly", "offer", "publick", "consideration", "thousand", "child", "computed", "thousand", "reserved", "breed", "whereof", "fourth", "male", "allow", "sheep", "black", "cattle", "swine", "reason", "child", "seldom", "fruit", "marriage", "circumstance", "regarded", "savage", "male", "sufficient", "serve", "female", "remaining", "thousand", "year", "old", "offered", "sale", "person", "quality", "fortune", "kingdom", "advising", "mother", "suck", "plentifully", "month", "render", "plump", "fat", "good", "table", "child", "make", "dish", "entertainment", "friend", "family", "dines", "fore", "hind", "quarter", "make", "reasonable", "dish", "seasoned", "little", "pepper", "salt", "good", "boiled", "fourth", "day", "especially", "winter", "reckoned", "medium", "child", "born", "weigh", "pound", "solar", "year", "tolerably", "nursed", "encreaseth", "pound", "grant", "food", "somewhat", "dear", "proper", "landlord", "devoured", "parent", "best", "title", "child", "Infant", "flesh", "season", "year", "plentiful", "March", "little", "told", "grave", "author", "eminent", "French", "physician", "fish", "prolifick", "dyet", "child", "born", "Roman", "Catholick", "country", "month", "Lent", "market", "glutted", "usual", "number", "Popish", "infant", "kingdom", "collateral", "advantage", "lessening", "number", "Papists", "computed", "charge", "nursing", "beggar", "child", "list", "reckon", "cottager", "labourer", "farmer", "shilling", "annum", "rag", "included", "believe", "gentleman", "repine", "shilling", "carcass", "good", "fat", "child", "make", "dish", "excellent", "nutritive", "meat", "hath", "particular", "friend", "family", "dine", "squire", "learn", "good", "landlord", "grow", "popular", "tenant", "mother", "shilling", "neat", "profit", "fit", "work", "till", "produce", "child", "thrifty", "confess", "time", "require", "flea", "carcass", "skin", "artificially", "dressed", "make", "admirable", "glove", "lady", "summer", "boot", "fine", "gentleman", "City", "Dublin", "shamble", "appointed", "purpose", "convenient", "part", "butcher", "assured", "wanting", "recommend", "buying", "child", "alive", "dressing", "hot", "knife", "roasting", "pig", "worthy", "person", "true", "lover", "country", "virtue", "highly", "esteem", "lately", "pleased", "discoursing", "matter", "offer", "refinement", "scheme", "gentleman", "kingdom", "having", "late", "destroyed", "deer", "conceived", "want", "venison", "supply", "body", "young", "lad", "maiden", "exceeding", "fourteen", "year", "age", "great", "number", "sex", "country", "ready", "starve", "want", "work", "service", "disposed", "parent", "alive", "nearest", "relation", "deference", "excellent", 