{"name": "A Modest Proposal_Jonathan Swift", "tags": {"PRP$": 93, "VBG": 75, "VBD": 34, "VBN": 96, "VBP": 101, "WDT": 25, "JJ": 265, "WP": 28, "VBZ": 27, "DT": 357, "RP": 7, "NN": 498, "POS": 7, "TO": 107, "PRP": 154, "RB": 199, "NNS": 229, "NNP": 50, "VB": 179, "WRB": 14, "CC": 168, "PDT": 6, "RBS": 5, "RBR": 4, "CD": 58, "EX": 8, "IN": 514, "WP$": 4, "MD": 100, "NNPS": 1, "JJS": 20, "JJR": 11}, "pol": [-0.4, 0.4, 0.55, 0.0, -0.125, 0.5833333333333333, 0.26666666666666666, 0.35714285714285715, 0.12916666666666668, 0.175, 0.013392857142857137, 0.11666666666666665, 0.0, 0.8, 0.06666666666666665, -0.175, -0.16666666666666666, 0.25, -0.4, -0.3333333333333333, 0.0, 0.03333333333333333, 0.0, -0.033333333333333326, -0.2, 0.15, 0.26666666666666666, -0.05555555555555555, 0.0, 0.1, 0.7, 0.17812499999999998, 0.0, 0.5, -0.09375, -0.25, 0.0, 0.7, 0.5833333333333334, 0.6499999999999999, -0.6, 0.25833333333333336, 0.2733333333333333, 0.1, 0.45, 0.15000000000000002, 0.03333333333333333, -0.3888888888888889, -0.1, 0.20625, 0.5, 0.1, 0.9, 0.8, 0.01428571428571429, 0.06875, -0.6000000000000001, -0.09999999999999998, -0.3, -0.4055555555555556, 0.4, 0.029166666666666674, 0.0, -0.1, 0.0, 0.13636363636363635, 0.35, 0.0, 0.6714285714285714, 0.5583333333333333, 0.3333333333333333, 0.5, -0.4, 0.425, 0.05555555555555556, 0.0, 0.5333333333333333, 0.1, 0.0, 0.16666666666666666, 0.0, 0.2, 0.0, -0.0625, 0.0, -0.1875, 0.35, 0.7, 0.0, 0.16727272727272727, 0.103125, -0.11666666666666668, 0.5266666666666666, 0.3666666666666667, -0.2333333333333333, -0.3, 0.0, 0.611111111111111, 0.1, -0.15], "oMeta": {"description": "A Modest Proposal is a satirical essay written and published by Jonathan Swift. Swift suggests that the impoverished Irish might ease their economic troubles by selling their children as food for rich gentlemen and ladies. This satirical hyperbole mocks heartless attitudes towards the poor, as well as Irish policy in general. In English writing, the phrase \"a modest proposal\" is now conventionally an allusion to this style of straight-faced satire. Swift goes to great lengths to support his argument, including a list of possible preparation styles for the children, and calculations showing the financial benefits of his suggestion. He uses methods of argument throughout his essay which lampoon the then-influential William Petty and the social engineering popular among followers of Francis Bacon. These lampoons include appealing to the authority of \"a very knowing American of my acquaintance in London\" and \"the famous Psalmanazar, a native of the island Formosa.\" This essay is widely held to be one of the greatest examples of sustained irony in the history of the English language. Much of its shock value derives from the fact that the first portion of the essay describes the plight of starving beggars in Ireland, so that the reader is unprepared for the surprise of Swift's solution when he states, \"A young healthy child well nursed, is, at a year old, a most delicious nourishing and wholesome food, whether stewed, roasted, baked, or boiled; and I make no doubt that it will equally serve in a fricassee, or a ragout.\" Readers unacquainted with its reputation as a satirical work often do not immediately realize that Swift was not seriously proposing cannibalism and infanticide. The satirical element of the pamphlet is often only understood after the reader notes the allusions made by Swift to the attitudes of landlords, such as the following: \"I grant this food may be somewhat dear, and therefore very proper for Landlords, who as they have already devoured most of the Parents, seem to have the best Title to the Children.\" Swift extends the conceit to get in a few jibes at England\u2019s mistreatment of Ireland, noting that \"For this kind of commodity will not bear exportation, and flesh being of too tender a consistence, to admit a long continuance in salt, although perhaps I could name a country, which would be glad to eat up our whole nation without it.\"", "pageCount": 15, "maturityRating": "NOT_MATURE", "previewLink": "http://books.google.com/books?id=G1RoAwAAQBAJ&printsec=frontcover&dq=A+Modest+Proposal+Jonathan+Swift&hl=&cd=1&source=gbs_api", "publishedDate": "2017-08-29", "title": "A Modest Proposal", "imageLinks": {"smallThumbnail": "http://books.google.com/books/content?id=G1RoAwAAQBAJ&printsec=frontcover&img=1&zoom=5&edge=curl&source=gbs_api", "thumbnail": "http://books.google.com/books/content?id=G1RoAwAAQBAJ&printsec=frontcover&img=1&zoom=1&edge=curl&source=gbs_api"}, "authors": ["Jonathan Swift"], "averageRating": 3.5, "infoLink": "https://play.google.com/store/books/details?id=G1RoAwAAQBAJ&source=gbs_api", "searchInfo": {"textSnippet": "&quot; This essay is widely held to be one of the greatest examples of sustained irony in the history of the English language."}, "categories": ["Fiction"], "ratingsCount": 15},