{"pol": [0.0, 0.0, 0.05769230769230769, -0.4, 0.0, 0.05, -0.15, 0.1, -0.07142857142857142, -0.04365079365079364, 0.11785714285714285, 0.0, 0.0, 0.10833333333333334, 0.10892857142857142, 0.29107142857142854, -0.07499999999999998, 0.05, 0.0, 0.0, 0.3, -0.625, -0.13333333333333333, 0.11212121212121212, 0.26875, -0.03272727272727274, 0.45, 0.4, 0.0, -0.09375, 0.13, 0.1875, -0.55, -0.1, 0.475, 0.43333333333333335, 0.13333333333333333, 0.2, 0.0, -0.033333333333333326, 0.2142857142857143, 0.4, -0.06666666666666665, 0.1, -0.10833333333333334, 0.0, 0.1, -0.033333333333333326, -0.11000000000000001, -0.3833333333333333, -0.5, 0.05000000000000002, 0.04583333333333336, 0.7444444444444445, 0.3055555555555556, 0.13636363636363635, -0.2333333333333333, 0.8, 0.3333333333333333, 0.26666666666666666, -0.3, 0.5666666666666668, 0.0, 0.8, 0.0, 0.075, -0.41875, 0.10714285714285714, 0.2, 0.04444444444444445, 0.165, 0.4, 0.03333333333333338, -0.26666666666666666, -0.2958333333333334, 0.6, -0.05, 0.0, 0.16666666666666666, 0.0039682539682539915, 0.16666666666666666, 0.0, 0.0, -1.1102230246251566e-17, -0.1, -0.2380952380952381, -0.025, 0.425, 0.11666666666666668, 1.0, -0.16999999999999998, 0.1, 0.09285714285714285, 0.011111111111111118, 0.5, 0.0875, -0.24166666666666667, -0.6, 0.1, 0.21000000000000002], "tags": {"PRP$": 126, "VBG": 88, "VBD": 323, "VBN": 98, "VBP": 11, "WDT": 30, "JJ": 265, "WP": 18, "VBZ": 36, "DT": 547, "RP": 19, "NN": 692, "POS": 10, "TO": 66, "PRP": 236, "RB": 193, "NNS": 183, "NNP": 61, "VB": 82, "WRB": 9, "CC": 128, "PDT": 5, "RBS": 2, "RBR": 3, "CD": 25, "EX": 4, "IN": 498, "WP$": 1, "MD": 31, "JJS": 5, "JJR": 5}, "name": "An Occurrence at Owl Creek Bridge_Ambrose Bierce", "words": ["OCCURRENCE", "OWL", "CREEK", "BRIDGE", "Ambrose", "Bierce", "MILLENNIUM", "FULCRUM", "EDITION", "man", "stood", "railroad", "bridge", "northern", "Alabama", "looking", "swift", "water", "foot", "man", "hand", "wrist", "bound", "cord", "rope", "closely", "encircled", "neck", "attached", "stout", "head", "slack", "fell", "level", "knee", "loose", "board", "laid", "tie", "supporting", "rail", "railway", "supplied", "footing", "executioner", "private", "soldier", "Federal", "army", "directed", "sergeant", "civil", "life", "deputy", "sheriff", "short", "remove", "temporary", "platform", "officer", "uniform", "rank", "armed", "captain", "sentinel", "end", "bridge", "stood", "rifle", "position", "known", "support", "say", "vertical", "left", "shoulder", "hammer", "resting", "forearm", "thrown", "straight", "chest", "formal", "unnatural", "position", "enforcing", "erect", "carriage", "body", "appear", "duty", "men", "know", "occurring", "center", "bridge", "merely", "blockaded", "end", "foot", "planking", "traversed", "sentinel", "sight", "railroad", "ran", "straight", "away", "forest", "yard", "curving", "lost", "view", "Doubtless", "outpost", "farther", "bank", "stream", "open", "ground", "gentle", "slope", "topped", "stockade", "vertical", "tree", "trunk", "loopholed", "rifle", "single", "embrasure", "protruded", "muzzle", "brass", "cannon", "commanding", "bridge", "Midway", "slope", "bridge", "fort", "spectator", "single", "company", "infantry", "line", "parade", "rest", "butt", "rifle", "ground", "barrel", "inclining", "slightly", "backward", "right", "shoulder", "hand", "crossed", "stock", "lieutenant", "stood", "right", "line", "point", "sword", "ground", "left", "hand", "resting", "right", "Excepting", "group", "center", "bridge", "man", "moved", "company", "faced", "bridge", "staring", "stonily", "motionless", "sentinel", "facing", "bank", "stream", "statue", "adorn", "bridge", "captain", "stood", "folded", "arm", "silent", "observing", "work", "subordinate", "making", "sign", "Death", "dignitary", "come", "announced", "received", "formal", "manifestation", "respect", "familiar", "code", "military", "etiquette", "silence", "fixity", "form", "deference", "man", "engaged", "hanged", "apparently", "year", "age", "civilian", "judge", "habit", "planter", "feature", "good", "straight", "nose", "firm", "mouth", "broad", "forehead", "long", "dark", "hair", "combed", "straight", "falling", "ear", "collar", "fitting", "frock", "coat", "wore", "moustache", "pointed", "beard", "whisker", "eye", "large", "dark", "gray", "kindly", "expression", "hardly", "expected", "neck", "hemp", "Evidently", "vulgar", "assassin", "liberal", "military", "code", "make", "provision", "hanging", "kind", "person", "gentleman", "excluded", "preparation", "complete", "private", "soldier", "stepped", "aside", "drew", "away", "plank", "standing", "sergeant", "turned", "captain", "saluted", "placed", "immediately", "officer", "turn", "moved", "apart", "pace", "movement", "left", "condemned", "man", "sergeant", "standing", "end", "plank", "spanned", "bridge", "end", "civilian", "stood", "quite", "reached", "fourth", "plank", "held", "place", "weight", "captain", "held", "sergeant", "signal", "step", "aside", "plank", "tilt", "condemned", "man", "tie", "arrangement", "commended", "judgement", "simple", "effective", "face", "covered", "eye", "bandaged", "looked", "moment", "unsteadfast", "footing", "gaze", "wander", "swirling", "water", "stream", "racing", "madly", "beneath", "foot", "piece", "dancing", "driftwood", "caught", "attention", "eye", "followed", "current", "slowly", "appeared", "sluggish", "stream", "closed", "eye", "order", "fix", "thought", "wife", "child", "water", "touched", "gold", "early", "sun", "brooding", "mist", "bank", "distance", "stream", "fort", "soldier", "piece", "drift", "distracted", "conscious", "new", "disturbance", "Striking", "thought", "dear", "one", "sound", "ignore", "understand", "sharp", "distinct", "metallic", "percussion", "like", "stroke", "blacksmith", "hammer", "anvil", "ringing", "quality", "wondered", "immeasurably", "distant", "near", "recurrence", "regular", "slow", "tolling", "death", "knell", "awaited", "new", "stroke", "impatience", "knew", "apprehension", "interval", "silence", "grew", "progressively", "longer", "delay", "maddening", "greater", "infrequency", "sound", "increased", "strength", "sharpness", "hurt", "ear", "like", "thrust", "knife", "feared", "shriek", "heard", "ticking", "watch", "unclosed", "eye", "saw", "water", "free", "hand", "thought", "throw", "noose", "spring", "stream", "diving", "evade", "bullet", "swimming", "vigorously", "reach", "bank", "wood", "away", "home", "home", "thank", "God", "outside", "line", "wife", "little", "one", "invader", "farthest", "advance", "thought", "set", "word", "flashed", "doomed", "man", "brain", "evolved", "captain", "nodded", "sergeant", "sergeant", "stepped", "aside", "II", "Peyton", "Farquhar", "planter", "old", "highly", "respected", "Alabama", "family", "slave", "owner", "like", "slave", "owner", "politician", "naturally", "original", "secessionist", "ardently", "devoted", "Southern", "cause", "Circumstances", "imperious", "nature", "unnecessary", "relate", "prevented", "taking", "service", "gallant", "army", "fought", "disastrous", "campaign", "ending", "fall", "Corinth", "chafed", "inglorious", "restraint", "longing", "release", "energy", "larger", "life", "soldier", "opportunity", "distinction", "opportunity", "felt", "come", "come", "wartime", "service", "humble", "perform", "aid", "South", "adventure", "perilous", "undertake", "consistent", "character", "civilian", "heart", "soldier", "good", "faith", "qualification", "assented", "frankly", "villainous", "dictum", "fair", "love", "war", "evening", "Farquhar", "wife", "sitting", "rustic", "bench", "near", "entrance", "ground", "soldier", "rode", "gate", "asked", "drink", "water", "Mrs", "Farquhar", "happy", "serve", "white", "hand", "fetching", "water", "husband", "approached", "dusty", "horseman", "inquired", "eagerly", "news", "Yanks", "repairing", "railroad", "man", "getting", "ready", "advance", "reached", "Owl", "Creek", "bridge", "order", "built", "stockade", "north", "bank", "commandant", "issued", "order", "posted", "declaring", "civilian", 