{"name": "An Occurrence at Owl Creek Bridge_Ambrose Bierce", "tags": {"PRP$": 126, "VBG": 88, "VBD": 323, "VBN": 98, "VBP": 11, "WDT": 30, "JJ": 265, "WP": 18, "VBZ": 36, "DT": 547, "RP": 19, "NN": 692, "POS": 10, "TO": 66, "PRP": 236, "RB": 193, "NNS": 183, "NNP": 61, "VB": 82, "WRB": 9, "CC": 128, "PDT": 5, "RBS": 2, "RBR": 3, "CD": 25, "EX": 4, "IN": 498, "WP$": 1, "MD": 31, "JJS": 5, "JJR": 5}, "pol": [0.0, -0.07692307692307693, 0.0, -0.4, 0.0, 0.05, -0.15, 0.1, -0.07142857142857142, -0.1607142857142857, 0.1349206349206349, 0.0619047619047619, 0.0, 0.09166666666666667, 0.05, 0.09374999999999999, 0.20714285714285713, -0.13541666666666669, 0.15, 0.0, 0.0, 0.0, 0.3, -0.30833333333333335, 0.1, 0.11818181818181818, 0.19166666666666665, -0.07500000000000001, 0.13636363636363635, 0.45, 0.0, -0.09375, 0.1, 0.2675, -0.55, 0.0, 0.024999999999999994, 0.6333333333333333, 0.3, -0.1, 0.0, 0.1, -0.11904761904761904, 0.5, 0.24444444444444446, 0.0, 0.0, -0.0625, 0.0, 0.2, -0.2, -0.1625, -0.21666666666666667, 0.0, 0.05000000000000002, 0.07500000000000002, 0.7083333333333334, 0.2681818181818182, 0.0, -0.09999999999999998, 0.3333333333333333, 0.8, -0.3333333333333333, 0.4, 0.5666666666666668, 0.0, 0.8, 0.0, 0.15, -0.18333333333333335, -0.30357142857142855, 0.13333333333333333, 0.0, 0.10666666666666669, 0.22, 0.0, -0.22499999999999998, 0.1, -0.2958333333333334, 0.27499999999999997, 0.0, 0.0, 0.25, 0.027976190476190495, 0.0, 0.2, 0.19999999999999998, -0.16666666666666666, 0.0, 0.0, -0.05, 0.2833333333333333, -0.05, 0.16, -0.5, 0.1, 0.12857142857142856, -0.08333333333333333, 0.2, 0.22999999999999998], "oMeta": {"description": "An Occurence at Owl Creek Bridge is a short story with a twist by American author, Ambrose Bierce. Set during the American Civil War, \"An Occurrence at Owl Creek Bridge\" is the story of Peyton Farquhar, a Confederate sympathizer condemned to death by hanging from Owl Creek Bridge. This story has been hailed as an early pioneer in \"stream of consciousness\" storytelling. This Xist Classics edition has been professionally formatted for e-readers with a linked table of contents. This ebook also contains a bonus book club leadership guide and discussion questions. We hope you\u2019ll share this book with your friends, neighbors and colleagues and can\u2019t wait to hear what you have to say about it. Xist Publishing is a digital-first publisher. Xist Publishing creates books for the touchscreen generation and is dedicated to helping everyone develop a lifetime love of reading, no matter what form it takes", "pageCount": 16, "maturityRating": "NOT_MATURE", "previewLink": "http://books.google.com/books?id=GdAmCwAAQBAJ&printsec=frontcover&dq=An+Occurrence+at+Owl+Creek+Bridge+Ambrose+Bierce&hl=&cd=1&source=gbs_api", "publishedDate": "2015-04-20", "title": "An Occurrence at Owl Creek Bridge", "imageLinks": {"smallThumbnail": "http://books.google.com/books/content?id=GdAmCwAAQBAJ&printsec=frontcover&img=1&zoom=5&edge=curl&source=gbs_api", "thumbnail": "http://books.google.com/books/content?id=GdAmCwAAQBAJ&printsec=frontcover&img=1&zoom=1&edge=curl&source=gbs_api"}, "authors": ["Ambrose Bierce"], "averageRating": 4.5, "infoLink": "https://play.google.com/store/books/details?id=GdAmCwAAQBAJ&source=gbs_api", "searchInfo": {"textSnippet": "This story has been hailed as an early pioneer in &quot;stream of consciousness&quot; storytelling. This Xist Classics edition has been professionally formatted for e-readers with a linked table of contents."}, "categories": ["Fiction"], "ratingsCount": 4}, "words": ["occurrence", "man", "railroad", "bridge", "northern", "swift", "water", "foot", "man", "hand", "wrist", "cord", "rope", "closely", "neck", "stout", "head", "slack", "level", "knee", "loose", "board", "tie", "rail", "railway", "footing", "executioner", "private", "soldier", "army", "sergeant", "civil", "life", "deputy", "sheriff", "short", "remove", "temporary", "platform", "officer", "uniform", "rank", "captain", "sentinel", "end", "bridge", "rifle", "position", "support", "vertical", "left", "shoulder", "hammer", "forearm", "thrown", "straight", "chest", "formal", "unnatural", "position", "erect", "carriage", "body", "duty", "men", "center", "bridge", "merely", "end", "foot", "sentinel", "sight", "railroad", "straight", "away", "forest", "yard", "view", "outpost", "farther", "bank", "stream", "open", "ground", "gentle", "slope", "stockade", "vertical", "tree", "trunk", "rifle", "single", "embrasure", "muzzle", "brass", "cannon", "bridge", "slope", "bridge", "fort", "spectator", "single", "company", "infantry", "line", "parade", "rest", "butt", "rifle", "ground", "barrel", "slightly", "backward", "right", "shoulder", "hand", "stock", "lieutenant", "stood", "right", "line", "point", "sword", "ground", "left", "hand", "right", "group", "center", "bridge", "man", "company", "bridge", "stonily", "motionless", "sentinel", "bank", "stream", "statue", "bridge", "captain", "folded", "arm", "silent", "work", "subordinate", "sign", "dignitary", "formal", "manifestation", "respect", "familiar", "code", "military", "etiquette", "silence", "fixity", "form", "deference", "man", "apparently", "year", "age", "civilian", "habit", "planter", "feature", "good", "straight", "nose", "firm", "mouth", "broad", "forehead", "long", "dark", "hair", "straight", "ear", "collar", "frock", "coat", "moustache", "beard", "whisker", "eye", "large", "dark", "gray", "kindly", "expression", "hardly", "neck", "hemp", "evidently", "vulgar", "assassin", "liberal", "military", "code", "provision", "kind", "person", "gentleman", "preparation", "complete", "private", "soldier", "aside", "away", "plank", "sergeant", "captain", "immediately", "officer", "turn", "apart", "pace", "movement", "condemned", "man", "sergeant", "standing", "end", "plank", "bridge", "end", "civilian", "quite", "fourth", "plank", "place", "weight", "captain", "sergeant", "signal", "aside", "plank", "condemned", "man", "tie", "arrangement", "judgement", "simple", "effective", "face", "eye", "moment", "unsteadfast", "footing", "gaze", "wander", "swirling", "water", "stream", "madly", "beneath", "foot", "piece", "driftwood", "attention", "eye", "current", "slowly", "sluggish", "stream", "eye", "order", "thought", "wife", "child", "water", "early", "sun", "brooding", "mist", "bank", "distance", "stream", "fort", "soldier", "piece", "drift", "conscious", "new", "disturbance", "thought", "dear", "one", "sound", "sharp", "distinct", "metallic", "percussion", "like", "stroke", "blacksmith", "hammer", "anvil", "ringing", "quality", "immeasurably", "distant", "near", "recurrence", "regular", "slow", "tolling", "death", "knell", "new", "stroke", "impatience", "apprehension", "interval", "silence", "progressively", "longer", "delay", "greater", "infrequency", "sound", "strength", "sharpness", "ear", "like", "thrust", "knife", "ticking", "watch", "eye", "water", "hand", "noose", "spring", "stream", "bullet", "vigorously", "bank", "wood", "away", "home", "home", "thank", "outside", "line", "wife", "little", "one", "invader", "farthest", "advance", "thought", "word", "doomed", "man", "brain", "captain", "sergeant", "sergeant", "aside", "planter", "old", "highly", "respected", "family", "slave", "owner", "like", "slave", "owner", "politician", "naturally", "original", "secessionist", "ardently", "cause", "circumstances", "imperious", "nature", "unnecessary", "service", "gallant", "army", "disastrous", "campaign", "fall", "inglorious", "restraint", "release", "energy", "larger", "life", "soldier", "opportunity", "distinction", "opportunity", "wartime", "service", "humble", "aid", "adventure", "perilous", "consistent", "character", "civilian", "heart", "soldier", "good", "faith", "qualification", "frankly", "villainous", "dictum", "fair", "love", "war", "wife", "rustic", "bench", "near", "entrance", "ground", "soldier", "gate", "drink", "water", "happy", "white", "hand", "water", "husband", "dusty", "horseman", "eagerly", "news", "yanks", 