{"name": "The Yellow Wallpaper_Charlotte Perkins Gilman", "tags": {"PRP$": 74, "VBG": 81, "VBD": 226, "VBN": 88, "VBP": 242, "WDT": 15, "JJ": 416, "WP": 19, "VBZ": 245, "DT": 544, "RP": 47, "NN": 716, "POS": 7, "TO": 143, "PRP": 772, "RB": 572, "NNS": 190, "NNP": 112, "VB": 340, "WRB": 53, "CC": 382, "PDT": 16, "RBS": 4, "RBR": 12, "CD": 42, "EX": 39, "IN": 672, "MD": 124, "JJS": 11, "JJR": 21, "UH": 1}, "pol": [-0.11666666666666665, 0.15625, 0.1, 0.011428571428571448, -0.20166666666666666, 0.06666666666666667, 0.39999999999999997, -0.28333333333333327, -0.09375, -0.08095238095238096, -0.16249999999999998, 0.2375, 0.1330952380952381, 0.09999999999999998, 0.0, -0.04375, 0.8, 0.09027777777777775, -0.421875, -0.3104166666666667, -0.3821428571428572, -0.35, 0.3, 0.30000000000000004, 0.24999999999999997, 0.08750000000000001, 0.06190476190476191, -0.075, 0.10416666666666667, 0.48333333333333334, 0.346875, 0.1, -0.3909090909090909, -0.1275, -0.10714285714285714, 0.2833333333333333, 0.04999999999999999, 0.30000000000000004, 0.20595238095238091, 0.6, 0.21071428571428574, 0.004166666666666652, 0.0, 0.024999999999999994, 0.41875, 0.75, -0.21875, 0.6, 0.8, 1.0, -0.1875, -0.011111111111111113, 0.024999999999999994, 0.08367346938775509, 0.5, -0.033333333333333326, 0.18194444444444446, 0.19999999999999998, 0.20416666666666664, -0.3, 0.028124999999999997, 0.25, 0.10208333333333332, -0.10059523809523811, 0.22000000000000003, -0.07500000000000002, 0.07500000000000001, 0.075, -0.3499999999999999, 0.125, 0.16111111111111112, 0.07999999999999999, 0.055952380952380955, -0.19687499999999997, -0.03749999999999999, -0.1, 0.21607142857142855, 0.45999999999999996, -0.045454545454545456, 0.050000000000000024, -0.3499999999999999, -0.1666666666666666, -0.6666666666666666, 0.029999999999999992, -0.07222222222222224, 0.36250000000000004, -0.3305555555555555, -0.025, 0.2, 0.08083333333333333, 0.3499999999999999, 0.48, 0.11666666666666665, -0.13555555555555557, -0.5952380952380952, 0.2533333333333333, 0.375, -0.225, -0.59375, -0.033333333333333354], "oMeta": {"description": "Webster's edition of this classic is organized to expose the reader to a maximum number of difficult and potentially ambiguous English words. Rare or idiosyncratic words and expressions are given lower priority compared to \"difficult, yet commonly used\" words. Rather than supply a single translation, many words are translated for a variety of meanings in German, allowing readers to better grasp the ambiguity of English, and avoid using the notes as a pure translation crutch. Having the reader decipher a word's meaning within context serves to improve vocabulary retention and understanding. Each page covers words not already highlighted on previous pages. If a difficult word is not translated on a page, chances are that it has been translated on a previous page.", "pageCount": 31, "maturityRating": "NOT_MATURE", "previewLink": "http://books.google.com/books?id=_76XUXVGcHgC&dq=The+Yellow+Wallpaper+Charlotte+Perkins+Gilman&hl=&cd=1&source=gbs_api", "publishedDate": "2009-01-02", "title": "The Yellow Wallpaper (Webster's German Thesaurus Edition)", "imageLinks": {"smallThumbnail": "http://books.google.com/books/content?id=_76XUXVGcHgC&printsec=frontcover&img=1&zoom=5&source=gbs_api", "thumbnail": "http://books.google.com/books/content?id=_76XUXVGcHgC&printsec=frontcover&img=1&zoom=1&source=gbs_api"}, "authors": ["Charlotte Perkins Gilman"], "averageRating": 4.0, "infoLink": "http://books.google.com/books?id=_76XUXVGcHgC&dq=The+Yellow+Wallpaper+Charlotte+Perkins+Gilman&hl=&source=gbs_api", "searchInfo": {"textSnippet": "Webster&#39;s edition of this classic is organized to expose the reader to a maximum number of difficult and potentially ambiguous English words."}, "ratingsCount": 14}, "words": ["seldom", "mere", "ordinary", "people", "like", "secure", "ancestral", "hall", "summer", "colonial", "mansion", "hereditary", "estate", "house", "height", "romantic", "felicity", "fate", "proudly", "queer", "long", "untenanted", "course", "marriage", "practical", "extreme", "patience", "faith", "intense", "horror", "superstition", "openly", "talk", "thing", "figure", "physician", "living", "soul", "course", "dead", "paper", "great", "relief", "mind", "reason", "faster", "sick", "physician", "high", "standing", "husband", "friend", "really", "matter", "temporary", "nervous", "depression", "slight", "hysterical", "tendency", "brother", "physician", "high", "standing", "thing", "phosphate", "phosphites", "whichever", "tonic", "journey", "air", "exercise", "absolutely", "forbidden", "personally", "idea", "personally", "congenial", "work", "excitement", "change", "good", "spite", "good", "deal", "sly", "meet", "heavy", "opposition", "condition", "opposition", "society", "stimulus", "worst", "thing", "condition", "bad", "house", "beautiful", "place", "quite", "road", "quite", "mile", "village", "english", "place", "hedge", "wall", "gate", "lock", "lot", "separate", "little", "house", "gardener", "people", "garden", "garden", "large", "shady", "path", "long", "arbor", "seat", "greenhouse", "broken", "legal", "trouble", "heir", "coheirs", "place", "year", "ghostliness", "afraid", "strange", "house", "moonlight", "evening", "window", "unreasonably", "angry", "sure", "sensitive", "nervous", "condition", "shall", "proper", "pain", "room", "bit", "downstairs", "piazza", "rose", "window", "pretty", "chintz", "hanging", "window", "room", "bed", "near", "room", "careful", "loving", "hardly", "let", "special", "direction", "schedule", "prescription", "hour", "day", "care", "basely", "ungrateful", "value", "solely", "account", "perfect", "rest", "air", "exercise", "strength", "dear", "food", "somewhat", "appetite", "air", "time", "nursery", "house", "big", "airy", "room", "floor", "nearly", "window", "way", "air", "sunshine", "galore", "nursery", "playroom", "gymnasium", "window", "little", "child", "ring", "thing", "wall", "paint", "paper", "look", "boy", "school", "paper", "great", "patch", "head", "bed", "far", "great", "place", "room", "low", "worse", "paper", "life", "flamboyant", "pattern", "artistic", "sin", "dull", "eye", "irritate", "provoke", "study", "lame", "uncertain", "curve", "little", "distance", "suddenly", "suicide", "outrageous", "angle", "unheard", "contradiction", "color", "repellent", "revolting", "unclean", "yellow", "strangely", "sunlight", "dull", "lurid", "orange", "place", "sickly", "sulphur", "tint", "wonder", "child", "room", "long", "away", "word", "week", "like", "day", "window", "atrocious", "nursery", "lack", "strength", "away", "day", "night", "case", "glad", "case", "nervous", "trouble", "dreadfully", "really", "course", "nervousness", "duty", "way", "help", "real", "rest", "comfort", "comparative", "burden", "effort", "able", "order", "thing", "fortunate", "good", "baby", "dear", "baby", "nervous", "nervous", "life", "room", "better", "worse", "nervous", "patient", "way", "fancy", "heavy", "bedstead", "barred", "window", "gate", "head", "stair", "place", "good", "really", "dear", "house", "just", "month", "rental", "downstairs", "pretty", "room", "arm", "blessed", "little", "goose", "cellar", "bargain", "right", "bed", "window", "thing", "airy", "comfortable", "room", "need", "wish", "course", "silly", "uncomfortable", "just", "whim", "really", "quite", "fond", "big", "room", "horrid", "paper", "window", "garden", "mysterious", "deepshaded", "arbor", "riotous", "flower", "bush", "gnarly", "tree", "lovely", "view", "bay", "little", "private", "wharf", "estate", "beautiful", "shaded", "lane", "house", "people", "numerous", "path", "arbor", "way", "imaginative", "power", "habit", "nervous", "weakness", "like", "sure", "manner", "excited", "fancy", "ought", "good", "sense", "tendency", "little", "press", "idea", "pretty", "advice", "companionship", "work", "really", "long", "visit", "soon", "firework", "stimulating", "people", "faster", "paper", "vicious", "influence", "recurrent", "spot", "pattern", 